cod_ibge;municipio;censo2000;censo2010;censo2022;tc2000_2010;tc2010_2022
3500105;Adamantina;33.497;33.797;34.687;0,09;0,22
3500204;Adolfo;3.684;3.557;4.351;-0,35;1,69
3500303;Aguaí;28.195;32.148;32.072;1,32;-0,02
3500402;Águas da Prata;7.131;7.584;7.369;0,62;-0,24
3500501;Águas de Lindóia;16.190;17.266;17.930;0,65;0,31
3500550;Águas de Santa Bárbara;5.224;5.601;7.177;0,70;2,09
3500600;Águas de São Pedro;1.883;2.707;2.780;3,70;0,22
3500709;Agudos;32.484;34.524;37.680;0,61;0,73
3500758;Alambari;3.650;4.884;6.141;2,96;1,93
3500808;Alfredo Marcondes;3.697;3.891;4.445;0,51;1,12
3500907;Altair;3.530;3.815;3.451;0,78;-0,83
3501004;Altinópolis;15.481;15.607;16.818;0,08;0,62
3501103;Alto Alegre;4.261;4.102;3.841;-0,38;-0,55
3501152;Alumínio;15.252;16.839;17.301;0,99;0,23
3501202;Álvares Florence;4.316;3.897;3.915;-1,02;0,04
3501301;Álvares Machado;22.661;23.513;27.255;0,37;1,24
3501400;Álvaro de Carvalho;4.109;4.650;4.808;1,24;0,28
3501509;Alvinlândia;2.837;3.000;2.885;0,56;-0,33
3501608;Americana;182.593;210.638;237.240;1,44;1,00
3501707;Américo Brasiliense;28.287;34.478;33.019;2,00;-0,36
3501806;Américo de Campos;5.594;5.706;5.870;0,20;0,24
3501905;Amparo;60.404;65.829;68.008;0,86;0,27
3502002;Analândia;3.582;4.293;4.589;1,83;0,56
3502101;Andradina;55.161;55.334;59.783;0,03;0,65
3502200;Angatuba;19.297;22.210;24.022;1,42;0,66
3502309;Anhembi;4.535;5.653;5.674;2,23;0,03
3502408;Anhumas;3.411;3.738;4.023;0,92;0,61
3502507;Aparecida;34.904;35.007;32.569;0,03;-0,60
3502606;Aparecida d'Oeste;4.935;4.450;4.086;-1,03;-0,71
3502705;Apiaí;27.162;25.191;24.585;-0,75;-0,20
3502754;Araçariguama;11.154;17.080;21.522;4,35;1,95
3502804;Araçatuba;169.254;181.579;200.124;0,71;0,81
3502903;Araçoiaba da Serra;19.816;27.299;32.443;3,26;1,45
3503000;Aramina;4.763;5.152;5.420;0,79;0,42
3503109;Arandu;6.065;6.123;6.885;0,10;0,98
3503158;Arapeí;2.618;2.493;2.330;-0,49;-0,56
3503208;Araraquara;182.471;208.662;242.228;1,35;1,25
3503307;Araras;104.196;118.843;130.866;1,32;0,81
3503356;Arco-Íris;2.163;1.925;2.044;-1,16;0,50
3503406;Arealva;7.244;7.841;8.130;0,80;0,30
3503505;Areias;3.600;3.696;3.577;0,26;-0,27
3503604;Areiópolis;10.296;10.579;10.130;0,27;-0,36
3503703;Ariranha;7.477;8.547;7.602;1,35;-0,97
3503802;Artur Nogueira;33.124;44.177;51.456;2,92;1,28
3503901;Arujá;59.185;74.905;86.678;2,38;1,22
3503950;Aspásia;1.861;1.809;1.842;-0,28;0,15
3504008;Assis;87.251;95.144;101.409;0,87;0,53
3504107;Atibaia;111.300;126.603;158.647;1,30;1,90
3504206;Auriflama;13.513;14.202;13.692;0,50;-0,30
3504305;Avaí;4.596;4.959;4.483;0,76;-0,84
3504404;Avanhandava;8.829;11.310;11.263;2,51;-0,03
3504503;Avaré;76.472;82.934;92.805;0,81;0,94
3504602;Bady Bassitt;11.550;14.603;27.260;2,37;5,34
3504701;Balbinos;1.313;3.702;3.887;10,92;0,41
3504800;Bálsamo;7.340;8.160;9.596;1,06;1,36
3504909;Bananal;9.713;10.223;9.969;0,51;-0,21
3505005;Barão de Antonina;2.794;3.116;3.531;1,10;1,05
3505104;Barbosa;5.837;6.593;5.640;1,23;-1,29
3505203;Bariri;28.224;31.593;31.595;1,13;0,00
3505302;Barra Bonita;35.487;35.246;34.346;-0,07;-0,22
3505351;Barra do Chapéu;4.846;5.244;5.179;0,79;-0,10
3505401;Barra do Turvo;8.108;7.729;6.876;-0,48;-0,97
3505500;Barretos;103.913;112.101;122.485;0,76;0,74
3505609;Barrinha;24.207;28.496;32.092;1,64;1,00
3505708;Barueri;208.281;240.749;316.473;1,46;2,31
3505807;Bastos;20.588;20.445;21.503;-0,07;0,42
3505906;Batatais;51.112;56.476;58.402;1,00;0,28
3506003;Bauru;316.064;343.937;379.146;0,85;0,82
3506102;Bebedouro;74.815;75.035;76.373;0,03;0,15
3506201;Bento de Abreu;2.394;2.674;2.606;1,11;-0,21
3506300;Bernardino de Campos;10.720;10.775;11.607;0,05;0,62
3506359;Bertioga;30.039;47.645;64.188;4,72;2,51
3506409;Bilac;6.088;7.048;7.319;1,48;0,31
3506508;Birigui;94.300;108.728;118.979;1,43;0,75
3506607;Biritiba Mirim;24.653;28.575;29.683;1,49;0,32
3506706;Boa Esperança do Sul;12.573;13.645;12.978;0,82;-0,42
3506805;Bocaina;9.442;10.859;11.259;1,41;0,30
3506904;Bofete;7.356;9.618;10.460;2,72;0,70
3507001;Boituva;34.368;48.314;61.081;3,46;1,97
3507100;Bom Jesus dos Perdões;13.313;19.708;22.006;4,00;0,92
3507159;Bom Sucesso de Itararé;3.231;3.571;3.555;1,01;-0,04
3507209;Borá;795;805;907;0,13;1,00
3507308;Boracéia;3.739;4.268;4.715;1,33;0,83
3507407;Borborema;13.193;14.529;14.226;0,97;-0,18
3507456;Borebi;1.933;2.293;2.713;1,72;1,41
3507506;Botucatu;108.306;127.328;145.155;1,63;1,10
3507605;Bragança Paulista;125.031;146.744;176.811;1,61;1,57
3507704;Braúna;4.383;5.021;5.356;1,37;0,54
3507753;Brejo Alegre;2.308;2.573;2.565;1,09;-0,03
3507803;Brodowski;17.139;21.107;25.201;2,10;1,49
3507902;Brotas;18.886;21.580;23.898;1,34;0,85
3508009;Buri;17.629;18.563;20.250;0,52;0,73
3508108;Buritama;13.854;15.418;17.210;1,08;0,92
3508207;Buritizal;3.674;4.053;4.356;0,99;0,60
3508306;Cabrália Paulista;4.656;4.365;4.299;-0,64;-0,13
3508405;Cabreúva;33.100;41.604;47.011;2,31;1,02
3508504;Caçapava;76.130;84.752;96.202;1,08;1,06
3508603;Cachoeira Paulista;27.205;30.091;31.564;1,01;0,40
3508702;Caconde;18.378;18.538;17.101;0,09;-0,67
3508801;Cafelândia;15.793;16.607;16.654;0,50;0,02
3508900;Caiabu;4.077;4.072;3.712;-0,01;-0,77
3509007;Caieiras;71.221;86.529;95.032;1,97;0,78
3509106;Caiuá;4.192;5.039;5.466;1,86;0,68
3509205;Cajamar;50.761;64.114;92.689;2,36;3,12
3509254;Cajati;29.227;28.372;28.515;-0,30;0,04
3509304;Cajobi;9.174;9.768;9.133;0,63;-0,56
3509403;Cajuru;20.777;23.371;23.830;1,18;0,16
3509452;Campina do Monte Alegre;5.209;5.567;5.954;0,67;0,56
3509502;Campinas;969.396;1.080.113;1.139.047;1,09;0,44
3509601;Campo Limpo Paulista;63.724;74.074;77.632;1,52;0,39
3509700;Campos do Jordão;44.252;47.789;46.974;0,77;-0,14
3509809;Campos Novos Paulista;4.181;4.539;4.888;0,82;0,62
3509908;Cananéia;12.298;12.226;12.289;-0,06;0,04
3509957;Canas;3.614;4.385;4.931;1,95;0,98
3510005;Cândido Mota;29.280;29.884;29.449;0,20;-0,12
3510104;Cândido Rodrigues;2.613;2.668;2.889;0,21;0,67
3510153;Canitar;3.481;4.369;6.283;2,30;3,07
3510203;Capão Bonito;46.732;46.178;46.337;-0,12;0,03
3510302;Capela do Alto;14.247;17.532;22.866;2,10;2,24
3510401;Capivari;41.468;48.576;50.068;1,59;0,25
3510500;Caraguatatuba;78.921;100.840;134.873;2,48;2,45
3510609;Carapicuíba;344.596;369.584;386.984;0,70;0,38
3510708;Cardoso;11.605;11.805;11.345;0,17;-0,33
3510807;Casa Branca;26.800;28.307;28.083;0,55;-0,07
3510906;Cássia dos Coqueiros;2.871;2.634;2.799;-0,86;0,51
3511003;Castilho;14.948;18.003;19.977;1,88;0,87
3511102;Catanduva;105.847;112.820;115.791;0,64;0,22
3511201;Catiguá;6.555;7.127;7.003;0,84;-0,15
3511300;Cedral;6.700;7.972;12.618;1,75;3,90
3511409;Cerqueira César;15.144;17.532;21.469;1,48;1,70
3511508;Cerquilho;29.508;39.617;44.695;2,99;1,01
3511607;Cesário Lange;12.883;15.540;19.048;1,89;1,71
3511706;Charqueada;13.037;15.085;15.535;1,47;0,25
3511904;Clementina;5.404;7.065;6.982;2,72;-0,10
3512001;Colina;16.664;17.371;18.486;0,42;0,52
3512100;Colômbia;5.954;5.994;6.629;0,07;0,84
3512209;Conchal;22.676;25.229;28.101;1,07;0,90
3512308;Conchas;14.904;16.288;15.232;0,89;-0,56
3512407;Cordeirópolis;17.591;21.080;24.514;1,83;1,27
3512506;Coroados;4.417;5.238;5.400;1,72;0,25
3512605;Coronel Macedo;5.589;5.001;4.280;-1,11;-1,29
3512704;Corumbataí;3.794;3.874;4.195;0,21;0,67
3512803;Cosmópolis;44.355;58.827;59.773;2,86;0,13
3512902;Cosmorama;7.372;7.214;8.719;-0,22;1,59
3513009;Cotia;148.987;201.150;274.413;3,05;2,62
3513108;Cravinhos;28.411;31.691;33.281;1,10;0,41
3513207;Cristais Paulista;6.579;7.588;9.272;1,44;1,68
3513306;Cruzália;2.610;2.274;2.108;-1,37;-0,63
3513405;Cruzeiro;73.492;77.039;74.961;0,47;-0,23
3513504;Cubatão;108.309;118.720;112.476;0,92;-0,45
3513603;Cunha;23.090;21.866;22.110;-0,54;0,09
3513702;Descalvado;28.921;31.056;31.756;0,71;0,19
3513801;Diadema;357.064;386.089;393.237;0,78;0,15
3513850;Dirce Reis;1.623;1.689;1.620;0,40;-0,35
3513900;Divinolândia;12.016;11.208;11.158;-0,69;-0,04
3514007;Dobrada;7.007;7.939;8.759;1,26;0,82
3514106;Dois Córregos;22.522;24.761;24.510;0,95;-0,08
3514205;Dolcinópolis;2.152;2.096;2.207;-0,26;0,43
3514304;Dourado;8.606;8.609;8.096;0,00;-0,51
3514403;Dracena;40.500;43.258;45.474;0,66;0,42
3514502;Duartina;12.475;12.251;12.328;-0,18;0,05
3514601;Dumont;6.307;8.143;9.471;2,59;1,27
3514700;Echaporã;6.827;6.318;6.205;-0,77;-0,15
3514809;Eldorado;14.134;14.641;13.069;0,35;-0,94
3514908;Elias Fausto;13.888;15.775;17.699;1,28;0,96
3514924;Elisiário;2.577;3.120;3.138;1,93;0,05
3514957;Embaúba;2.478;2.423;2.323;-0,22;-0,35
3515004;Embu das Artes;207.663;240.230;250.691;1,47;0,36
3515103;Embu-Guaçu;56.916;62.769;66.970;0,98;0,54
3515129;Emilianópolis;2.893;3.020;3.014;0,43;-0,02
3515152;Engenheiro Coelho;10.033;15.721;19.566;4,59;1,84
3515186;Espírito Santo do Pinhal;40.480;41.907;39.816;0,35;-0,43
3515194;Espírito Santo do Turvo;3.677;4.244;4.157;1,44;-0,17
3515202;Estrela d'Oeste;8.256;8.208;9.417;-0,06;1,15
3515301;Estrela do Norte;2.625;2.658;2.703;0,13;0,14
3515350;Euclides da Cunha Paulista;10.214;9.585;7.924;-0,63;-1,57
3515400;Fartura;15.010;15.320;16.641;0,20;0,69
3515509;Fernandópolis;61.647;64.696;71.186;0,48;0,80
3515608;Fernando Prestes;5.434;5.534;5.942;0,18;0,59
3515657;Fernão;1.432;1.563;1.656;0,88;0,48
3515707;Ferraz de Vasconcelos;142.377;168.306;179.198;1,69;0,52
3515806;Flora Rica;2.177;1.752;1.487;-2,15;-1,36
3515905;Floreal;3.223;3.003;2.733;-0,70;-0,78
3516002;Flórida Paulista;11.106;12.848;12.958;1,47;0,07
3516101;Florínea;3.127;2.829;3.851;-1,00;2,60
3516200;Franca;287.737;318.640;352.536;1,03;0,85
3516309;Francisco Morato;133.738;154.472;165.139;1,45;0,56
3516408;Franco da Rocha;108.122;131.604;144.849;1,98;0,80
3516507;Gabriel Monteiro;2.726;2.708;2.763;-0,07;0,17
3516606;Gália;7.853;7.011;6.380;-1,13;-0,78
3516705;Garça;43.162;43.115;42.110;-0,01;-0,20
3516804;Gastão Vidigal;3.586;4.193;3.252;1,58;-2,10
3516853;Gavião Peixoto;4.126;4.419;4.702;0,69;0,52
3516903;General Salgado;10.824;10.669;10.312;-0,14;-0,28
3517000;Getulina;10.370;10.765;10.232;0,37;-0,42
3517109;Glicério;4.428;4.565;4.138;0,31;-0,82
3517208;Guaiçara;9.211;10.670;11.239;1,48;0,43
3517307;Guaimbê;5.207;5.425;5.512;0,41;0,13
3517406;Guaíra;34.610;37.404;39.279;0,78;0,41
3517505;Guapiaçu;14.086;17.869;21.711;2,41;1,64
3517604;Guapiara;19.726;17.998;17.071;-0,91;-0,44
3517703;Guará;18.916;19.858;18.606;0,49;-0,54
3517802;Guaraçaí;8.894;8.435;7.441;-0,53;-1,04
3517901;Guaraci;8.846;9.976;10.350;1,21;0,31
3518008;Guarani d'Oeste;2.006;1.970;1.968;-0,18;-0,01
3518107;Guarantã;6.323;6.404;6.427;0,13;0,03
3518206;Guararapes;28.843;30.597;31.043;0,59;0,12
3518305;Guararema;21.904;25.844;31.236;1,67;1,59
3518404;Guaratinguetá;104.219;112.072;118.044;0,73;0,43
3518503;Guareí;10.197;14.565;15.013;3,63;0,25
3518602;Guariba;31.085;35.486;37.498;1,33;0,46
3518701;Guarujá;264.812;290.752;287.634;0,94;-0,09
3518800;Guarulhos;1.072.717;1.221.979;1.291.771;1,31;0,46
3518859;Guatapará;6.371;6.966;7.320;0,90;0,41
3518909;Guzolândia;4.295;4.754;4.246;1,02;-0,94
3519006;Herculândia;7.992;8.696;9.125;0,85;0,40
3519055;Holambra;7.211;11.299;15.094;4,59;2,44
3519071;Hortolândia;152.523;192.692;236.641;2,37;1,73
3519105;Iacanga;8.282;10.013;10.437;1,92;0,35
3519204;Iacri;6.783;6.419;6.131;-0,55;-0,38
3519253;Iaras;3.054;6.376;8.010;7,64;1,92
3519303;Ibaté;26.462;30.734;32.178;1,51;0,38
3519402;Ibirá;9.447;10.896;11.690;1,44;0,59
3519501;Ibirarema;5.701;6.725;6.385;1,67;-0,43
3519600;Ibitinga;46.620;53.158;60.033;1,32;1,02
3519709;Ibiúna;64.384;71.217;75.605;1,01;0,50
3519808;Icém;6.772;7.462;7.819;0,97;0,39
3519907;Iepê;7.257;7.628;7.619;0,50;-0,01
3520004;Igaraçu do Tietê;22.614;23.362;23.106;0,33;-0,09
3520103;Igarapava;25.925;27.952;26.212;0,76;-0,53
3520202;Igaratá;8.292;8.831;10.605;0,63;1,54
3520301;Iguape;27.427;28.841;29.115;0,50;0,08
3520400;Ilhabela;20.836;28.196;34.934;3,07;1,80
3520426;Ilha Comprida;6.704;9.025;13.419;3,02;3,36
3520442;Ilha Solteira;23.996;25.064;25.549;0,44;0,16
3520509;Indaiatuba;147.050;201.619;255.748;3,21;2,00
3520608;Indiana;4.932;4.825;5.090;-0,22;0,45
3520707;Indiaporã;4.058;3.903;4.035;-0,39;0,28
3520806;Inúbia Paulista;3.318;3.630;3.615;0,90;-0,03
3520905;Ipaussu;12.553;13.663;13.712;0,85;0,03
3521002;Iperó;18.384;28.300;36.459;4,41;2,13
3521101;Ipeúna;4.340;6.016;6.831;3,32;1,06
3521150;Ipiguá;3.476;4.463;6.761;2,53;3,52
3521200;Iporanga;4.562;4.299;4.046;-0,59;-0,50
3521309;Ipuã;11.870;14.148;14.454;1,77;0,18
3521408;Iracemápolis;15.555;20.029;21.967;2,56;0,77
3521507;Irapuã;6.658;7.275;6.867;0,89;-0,48
3521606;Irapuru;7.457;7.789;7.085;0,44;-0,79
3521705;Itaberá;18.911;17.858;17.983;-0,57;0,06
3521804;Itaí;21.039;24.008;25.180;1,33;0,40
3521903;Itajobi;14.230;14.556;16.989;0,23;1,30
3522000;Itaju;2.638;3.246;3.618;2,10;0,91
3522109;Itanhaém;71.995;87.057;112.476;1,92;2,16
3522158;Itaoca;3.226;3.228;3.422;0,01;0,49
3522208;Itapecerica da Serra;129.685;152.614;158.522;1,64;0,32
3522307;Itapetininga;125.559;144.377;157.790;1,41;0,74
3522406;Itapeva;82.866;87.753;89.728;0,57;0,19
3522505;Itapevi;162.433;200.769;232.297;2,14;1,22
3522604;Itapira;63.377;68.537;72.022;0,79;0,41
3522653;Itapirapuã Paulista;3.577;3.880;4.306;0,82;0,87
3522703;Itápolis;37.750;40.051;39.493;0,59;-0,12
3522802;Itaporanga;14.354;14.549;14.085;0,14;-0,27
3522901;Itapuí;10.371;12.173;13.659;1,61;0,96
3523008;Itapura;3.838;4.357;3.979;1,28;-0,75
3523107;Itaquaquecetuba;272.942;321.770;369.275;1,66;1,15
3523206;Itararé;46.554;47.934;44.438;0,29;-0,63
3523305;Itariri;13.613;15.471;15.528;1,29;0,03
3523404;Itatiba;81.197;101.471;121.590;2,25;1,52
3523503;Itatinga;15.446;18.052;19.070;1,57;0,46
3523602;Itirapina;12.836;15.524;16.148;1,92;0,33
3523701;Itirapuã;5.412;5.914;5.779;0,89;-0,19
3523800;Itobi;7.466;7.546;8.046;0,11;0,54
3523909;Itu;135.366;154.147;168.240;1,31;0,73
3524006;Itupeva;26.166;44.859;70.616;5,54;3,85
3524105;Ituverava;36.268;38.695;37.571;0,65;-0,25
3524204;Jaborandi;6.424;6.592;6.221;0,26;-0,48
3524303;Jaboticabal;67.408;71.662;71.821;0,61;0,02
3524402;Jacareí;191.291;211.214;240.275;1,00;1,08
3524501;Jaci;4.117;5.657;7.613;3,23;2,51
3524600;Jacupiranga;17.041;17.208;16.097;0,10;-0,55
3524709;Jaguariúna;29.597;44.311;59.347;4,12;2,46
3524808;Jales;46.186;47.012;48.776;0,18;0,31
3524907;Jambeiro;3.992;5.349;6.397;2,97;1,50
3525003;Jandira;91.807;108.344;118.045;1,67;0,72
3525102;Jardinópolis;30.729;37.661;45.282;2,06;1,55
3525201;Jarinu;17.041;23.847;37.535;3,42;3,85
3525300;Jaú;112.104;131.040;133.497;1,57;0,15
3525409;Jeriquara;3.280;3.160;3.863;-0,37;1,69
3525508;Joanópolis;10.409;11.768;12.815;1,23;0,71
3525607;João Ramalho;3.842;4.150;4.371;0,77;0,43
3525706;José Bonifácio;28.714;32.763;36.633;1,33;0,93
3525805;Júlio Mesquita;4.166;4.430;4.254;0,62;-0,34
3525854;Jumirim;2.196;2.798;3.056;2,45;0,74
3525904;Jundiaí;323.397;370.126;443.221;1,36;1,51
3526001;Junqueirópolis;17.005;18.726;20.448;0,97;0,74
3526100;Juquiá;20.516;19.246;17.154;-0,64;-0,95
3526209;Juquitiba;26.459;28.737;27.404;0,83;-0,40
3526308;Lagoinha;4.957;4.841;5.083;-0,24;0,41
3526407;Laranjal Paulista;22.145;25.251;26.261;1,32;0,33
3526506;Lavínia;5.131;8.779;9.689;5,52;0,83
3526605;Lavrinhas;6.008;6.590;7.171;0,93;0,71
3526704;Leme;80.757;91.756;98.161;1,29;0,56
3526803;Lençóis Paulista;55.042;61.428;66.505;1,10;0,66
3526902;Limeira;249.046;276.022;291.869;1,03;0,47
3527009;Lindóia;5.331;6.712;7.014;2,33;0,37
3527108;Lins;65.952;71.432;74.779;0,80;0,38
3527207;Lorena;77.990;82.537;84.855;0,57;0,23
3527256;Lourdes;2.007;2.128;1.950;0,59;-0,73
3527306;Louveira;23.903;37.125;51.847;4,50;2,82
3527405;Lucélia;18.316;19.882;20.061;0,82;0,07
3527504;Lucianópolis;2.154;2.249;2.372;0,43;0,44
3527603;Luís Antônio;7.160;11.286;12.265;4,66;0,70
3527702;Luiziânia;4.274;5.030;4.701;1,64;-0,56
3527801;Lupércio;4.230;4.353;3.981;0,29;-0,74
3527900;Lutécia;2.897;2.714;2.661;-0,65;-0,16
3528007;Macatuba;15.752;16.259;16.829;0,32;0,29
3528106;Macaubal;7.385;7.663;7.481;0,37;-0,20
3528205;Macedônia;3.761;3.664;3.963;-0,26;0,66
3528304;Magda;3.421;3.200;3.165;-0,67;-0,09
3528403;Mairinque;39.975;43.223;50.027;0,78;1,23
3528502;Mairiporã;60.111;80.956;93.853;3,02;1,24
3528601;Manduri;8.271;8.992;9.871;0,84;0,78
3528700;Marabá Paulista;3.699;4.812;4.573;2,67;-0,42
3528809;Maracaí;13.004;13.332;12.673;0,25;-0,42
3528858;Marapoama;2.238;2.633;3.292;1,64;1,88
3528908;Mariápolis;3.854;3.916;3.513;0,16;-0,90
3529005;Marília;197.342;216.745;237.627;0,94;0,77
3529104;Marinópolis;2.195;2.113;1.860;-0,38;-1,06
3529203;Martinópolis;22.346;24.219;24.881;0,81;0,22
3529302;Matão;71.753;76.786;79.033;0,68;0,24
3529401;Mauá;363.392;417.064;418.261;1,39;0,02
3529500;Mendonça;3.759;4.640;6.159;2,13;2,39
3529609;Meridiano;4.025;3.855;4.572;-0,43;1,43
3529658;Mesópolis;1.930;1.886;1.952;-0,23;0,29
3529708;Miguelópolis;19.019;20.451;19.441;0,73;-0,42
3529807;Mineiros do Tietê;11.410;12.038;11.230;0,54;-0,58
3529906;Miracatu;22.383;20.592;18.553;-0,83;-0,87
3530003;Mira Estrela;2.596;2.820;3.126;0,83;0,86
3530102;Mirandópolis;25.936;27.483;27.983;0,58;0,15
3530201;Mirante do Paranapanema;16.213;17.059;15.917;0,51;-0,58
3530300;Mirassol;48.327;53.792;63.337;1,08;1,37
3530409;Mirassolândia;3.741;4.295;4.669;1,39;0,70
3530508;Mococa;65.574;66.290;67.681;0,11;0,17
3530607;Mogi das Cruzes;330.241;387.779;451.505;1,62;1,28
3530706;Mogi Guaçu;124.228;137.245;153.658;1,00;0,95
3530805;Mogi Mirim;81.467;86.505;92.558;0,60;0,57
3530904;Mombuca;3.107;3.266;3.722;0,50;1,10
3531001;Monções;2.055;2.132;1.937;0,37;-0,80
3531100;Mongaguá;35.098;46.293;61.951;2,81;2,46
3531209;Monte Alegre do Sul;6.321;7.152;8.627;1,24;1,57
3531308;Monte Alto;43.613;46.642;47.574;0,67;0,17
3531407;Monte Aprazível;18.413;21.746;22.280;1,68;0,20
3531506;Monte Azul Paulista;19.553;18.931;18.151;-0,32;-0,35
3531605;Monte Castelo;4.089;4.063;4.222;-0,06;0,32
3531704;Monteiro Lobato;3.615;4.120;4.138;1,32;0,04
3531803;Monte Mor;37.340;48.949;64.662;2,74;2,35
3531902;Morro Agudo;25.428;29.116;27.933;1,36;-0,35
3532009;Morungaba;9.911;11.769;13.720;1,73;1,29
3532058;Motuca;3.871;4.290;4.034;1,03;-0,51
3532108;Murutinga do Sul;3.971;4.186;3.737;0,53;-0,94
3532157;Nantes;2.269;2.707;2.660;1,78;-0,15
3532207;Narandiba;3.743;4.288;5.713;1,37;2,42
3532306;Natividade da Serra;6.952;6.678;6.999;-0,40;0,39
3532405;Nazaré Paulista;14.410;16.414;18.217;1,31;0,87
3532504;Neves Paulista;8.907;8.772;9.699;-0,15;0,84
3532603;Nhandeara;10.194;10.725;9.852;0,51;-0,71
3532702;Nipoã;3.267;4.274;4.750;2,72;0,88
3532801;Nova Aliança;4.768;5.891;6.693;2,14;1,07
3532827;Nova Campina;7.295;8.515;8.497;1,56;-0,02
3532843;Nova Canaã Paulista;2.483;2.114;2.032;-1,60;-0,33
3532868;Nova Castilho;991;1.125;1.062;1,28;-0,48
3532900;Nova Europa;7.307;9.300;9.311;2,44;0,01
3533007;Nova Granada;17.020;19.180;19.419;1,20;0,10
3533106;Nova Guataporanga;2.087;2.177;2.156;0,42;-0,08
3533205;Nova Independência;2.063;3.068;4.609;4,05;3,45
3533254;Novais;3.225;4.592;4.412;3,60;-0,33
3533304;Nova Luzitânia;2.749;3.441;2.837;2,27;-1,60
3533403;Nova Odessa;42.071;51.242;62.019;1,99;1,60
3533502;Novo Horizonte;32.432;36.593;38.324;1,21;0,39
3533601;Nuporanga;6.309;6.817;7.391;0,78;0,68
3533700;Ocauçu;4.164;4.163;4.331;0,00;0,33
3533809;Óleo;2.994;2.673;2.512;-1,13;-0,52
3533908;Olímpia;46.013;50.024;55.074;0,84;0,80
3534005;Onda Verde;3.413;3.884;4.771;1,30;1,73
3534104;Oriente;5.884;6.097;6.085;0,36;-0,02
3534203;Orindiúva;4.161;5.675;6.024;3,15;0,50
3534302;Orlândia;36.004;39.781;38.319;1,00;-0,31
3534401;Osasco;652.593;666.740;728.615;0,21;0,74
3534500;Oscar Bressane;2.552;2.537;2.470;-0,06;-0,22
3534609;Osvaldo Cruz;29.648;30.917;31.272;0,42;0,10
3534708;Ourinhos;93.868;103.035;103.970;0,94;0,08
3534757;Ouroeste;6.290;8.405;10.294;2,94;1,70
3534807;Ouro Verde;7.148;7.800;7.779;0,88;-0,02
3534906;Pacaembu;12.518;13.226;14.877;0,55;0,99
3535002;Palestina;9.100;11.051;11.476;1,96;0,31
3535101;Palmares Paulista;8.437;10.934;9.650;2,63;-1,04
3535200;Palmeira d'Oeste;10.322;9.584;8.903;-0,74;-0,61
3535309;Palmital;20.701;21.186;19.594;0,23;-0,65
3535408;Panorama;13.649;14.583;14.964;0,66;0,22
3535507;Paraguaçu Paulista;39.618;42.278;41.120;0,65;-0,23
3535606;Paraibuna;17.009;17.388;17.667;0,22;0,13
3535705;Paraíso;5.429;5.898;6.099;0,83;0,28
3535804;Paranapanema;15.510;17.808;19.395;1,39;0,71
3535903;Paranapuã;3.632;3.815;4.031;0,49;0,46
3536000;Parapuã;11.104;10.844;10.580;-0,24;-0,21
3536109;Pardinho;4.732;5.582;7.153;1,67;2,09
3536208;Pariquera-Açu;17.649;18.446;19.233;0,44;0,35
3536257;Parisi;1.948;2.032;2.892;0,42;2,98
3536307;Patrocínio Paulista;11.416;13.000;14.512;1,31;0,92
3536406;Paulicéia;5.302;6.339;7.955;1,80;1,91
3536505;Paulínia;51.326;82.146;110.537;4,82;2,50
3536570;Paulistânia;1.779;1.779;2.090;0,00;1,35
3536604;Paulo de Faria;8.472;8.589;7.400;0,14;-1,23
3536703;Pederneiras;36.614;41.497;44.827;1,26;0,65
3536802;Pedra Bela;5.609;5.780;6.557;0,30;1,06
3536901;Pedranópolis;2.734;2.558;2.787;-0,66;0,72
3537008;Pedregulho;14.994;15.700;15.525;0,46;-0,09
3537107;Pedreira;35.219;41.558;43.112;1,67;0,31
3537156;Pedrinhas Paulista;2.861;2.940;2.804;0,27;-0,39
3537206;Pedro de Toledo;9.187;10.204;11.281;1,06;0,84
3537305;Penápolis;54.635;58.510;61.679;0,69;0,44
3537404;Pereira Barreto;25.028;24.962;24.095;-0,03;-0,29
3537503;Pereiras;6.226;7.454;8.737;1,82;1,33
3537602;Peruíbe;51.451;59.773;68.352;1,51;1,12
3537701;Piacatu;4.625;5.287;5.519;1,35;0,36
3537800;Piedade;50.131;52.143;52.970;0,39;0,13
3537909;Pilar do Sul;23.948;26.406;27.619;0,98;0,37
3538006;Pindamonhangaba;126.026;146.995;165.428;1,55;0,99
3538105;Pindorama;13.109;15.039;14.542;1,38;-0,28
3538204;Pinhalzinho;10.986;13.105;15.224;1,78;1,26
3538303;Piquerobi;3.478;3.537;3.264;0,17;-0,67
3538501;Piquete;15.200;14.107;12.490;-0,74;-1,01
3538600;Piracaia;23.347;25.116;26.029;0,73;0,30
3538709;Piracicaba;329.158;364.571;423.323;1,03;1,25
3538808;Piraju;27.897;28.475;29.436;0,21;0,28
3538907;Pirajuí;20.095;22.704;22.431;1,23;-0,10
3539004;Pirangi;10.038;10.623;10.885;0,57;0,20
3539103;Pirapora do Bom Jesus;12.395;15.733;18.370;2,41;1,30
3539202;Pirapozinho;22.104;24.694;25.348;1,11;0,22
3539301;Pirassununga;64.864;70.081;73.545;0,78;0,40
3539400;Piratininga;10.584;12.072;15.108;1,32;1,89
3539509;Pitangueiras;31.156;35.307;33.674;1,26;-0,39
3539608;Planalto;3.670;4.463;4.389;1,98;-0,14
3539707;Platina;2.867;3.192;3.025;1,08;-0,45
3539806;Poá;95.801;106.013;103.765;1,02;-0,18
3539905;Poloni;4.774;5.395;5.592;1,23;0,30
3540002;Pompéia;18.171;19.964;20.196;0,95;0,10
3540101;Pongaí;3.693;3.481;3.395;-0,59;-0,21
3540200;Pontal;29.681;40.244;37.607;3,09;-0,56
3540259;Pontalinda;3.539;4.074;4.127;1,42;0,11
3540309;Pontes Gestal;2.539;2.518;2.387;-0,08;-0,44
3540408;Populina;4.450;4.223;4.127;-0,52;-0,19
3540507;Porangaba;6.652;8.326;10.451;2,27;1,91
3540606;Porto Feliz;45.514;48.893;56.497;0,72;1,21
3540705;Porto Ferreira;47.437;51.400;52.649;0,81;0,20
3540754;Potim;13.605;19.397;20.392;3,61;0,42
3540804;Potirendaba;13.656;15.449;18.496;1,24;1,51
3540853;Pracinha;1.431;2.858;2.578;7,16;-0,86
3540903;Pradópolis;12.912;17.377;17.078;3,01;-0,14
3541000;Praia Grande;193.582;262.051;349.935;3,07;2,44
3541059;Pratânia;3.950;4.599;5.126;1,53;0,91
3541109;Presidente Alves;4.317;4.123;3.804;-0,46;-0,67
3541208;Presidente Bernardes;14.662;13.570;14.490;-0,77;0,55
3541307;Presidente Epitácio;39.298;41.318;39.505;0,50;-0,37
3541406;Presidente Prudente;189.186;207.610;225.668;0,93;0,70
3541505;Presidente Venceslau;37.347;37.910;35.201;0,15;-0,62
3541604;Promissão;31.105;35.674;35.131;1,38;-0,13
3541653;Quadra;2.651;3.236;3.405;2,01;0,43
3541703;Quatá;11.655;12.799;13.163;0,94;0,23
3541802;Queiroz;2.171;2.808;3.265;2,61;1,26
3541901;Queluz;9.112;11.309;9.159;2,18;-1,74
3542008;Quintana;5.443;6.004;7.038;0,99;1,33
3542107;Rafard;8.360;8.612;8.965;0,30;0,34
3542206;Rancharia;28.772;28.804;28.588;0,01;-0,06
3542305;Redenção da Serra;4.047;3.873;4.494;-0,44;1,25
3542404;Regente Feijó;16.998;18.494;20.145;0,85;0,72
3542503;Reginópolis;4.742;7.323;7.662;4,44;0,38
3542602;Registro;53.752;54.261;59.947;0,09;0,83
3542701;Restinga;5.584;6.587;6.404;1,67;-0,23
3542800;Ribeira;3.507;3.358;3.132;-0,43;-0,58
3542909;Ribeirão Bonito;11.246;12.135;10.989;0,76;-0,82
3543006;Ribeirão Branco;21.231;18.269;18.627;-1,49;0,16
3543105;Ribeirão Corrente;3.881;4.273;4.608;0,97;0,63
3543204;Ribeirão do Sul;4.497;4.446;4.677;-0,11;0,42
3543238;Ribeirão dos Índios;2.222;2.187;2.025;-0,16;-0,64
3543253;Ribeirão Grande;7.390;7.422;7.450;0,04;0,03
3543303;Ribeirão Pires;104.508;113.068;115.559;0,79;0,18
3543402;Ribeirão Preto;504.923;604.682;698.642;1,82;1,21
3543501;Riversul;7.192;6.163;5.599;-1,53;-0,80
3543600;Rifaina;3.325;3.436;4.049;0,33;1,38
3543709;Rincão;10.330;10.414;9.098;0,08;-1,12
3543808;Rinópolis;10.255;9.935;9.259;-0,32;-0,59
3543907;Rio Claro;168.218;186.253;201.418;1,02;0,65
3544004;Rio das Pedras;23.494;29.501;31.328;2,30;0,50
3544103;Rio Grande da Serra;37.091;43.974;44.170;1,72;0,04
3544202;Riolândia;8.560;10.575;10.309;2,14;-0,21
3544251;Rosana;24.229;19.691;17.440;-2,05;-1,01
3544301;Roseira;8.577;9.599;10.832;1,13;1,01
3544400;Rubiácea;2.337;2.729;2.700;1,56;-0,09
3544509;Rubinéia;2.615;2.862;3.833;0,91;2,46
3544608;Sabino;4.951;5.217;5.112;0,52;-0,17
3544707;Sagres;2.439;2.395;2.474;-0,18;0,27
3544806;Sales;4.563;5.451;6.437;1,79;1,40
3544905;Sales Oliveira;9.325;10.568;11.411;1,26;0,64
3545001;Salesópolis;14.357;15.635;15.202;0,86;-0,23
3545100;Salmourão;4.401;4.818;4.808;0,91;-0,02
3545159;Saltinho;5.799;7.059;8.161;1,99;1,22
3545209;Salto;93.159;105.516;134.319;1,25;2,03
3545308;Salto de Pirapora;35.072;40.132;43.748;1,36;0,72
3545407;Salto Grande;8.444;8.787;9.050;0,40;0,25
3545506;Sandovalina;3.089;3.699;3.645;1,82;-0,12
3545605;Santa Adélia;13.449;14.333;14.018;0,64;-0,19
3545704;Santa Albertina;5.586;5.723;6.393;0,24;0,93
3545803;Santa Bárbara d'Oeste;170.078;180.009;183.347;0,57;0,15
3546009;Santa Branca;13.010;13.763;13.975;0,56;0,13
3546108;Santa Clara d'Oeste;2.123;2.084;2.598;-0,19;1,85
3546207;Santa Cruz da Conceição;3.531;4.002;4.277;1,26;0,56
3546256;Santa Cruz da Esperança;1.796;1.953;2.116;0,84;0,67
3546306;Santa Cruz das Palmeiras;25.556;29.932;28.864;1,59;-0,30
3546405;Santa Cruz do Rio Pardo;40.919;43.921;46.442;0,71;0,47
3546504;Santa Ernestina;5.741;5.568;6.118;-0,31;0,79
3546603;Santa Fé do Sul;26.512;29.239;34.794;0,98;1,46
3546702;Santa Gertrudes;15.906;21.634;23.611;3,12;0,73
3546801;Santa Isabel;43.740;50.453;53.174;1,44;0,44
3546900;Santa Lúcia;7.853;8.248;7.149;0,49;-1,18
3547007;Santa Maria da Serra;4.673;5.413;5.243;1,48;-0,27
3547106;Santa Mercedes;2.803;2.831;2.956;0,10;0,36
3547205;Santana da Ponte Pensa;1.894;1.641;1.670;-1,42;0,15
3547304;Santana de Parnaíba;74.828;108.813;154.105;3,82;2,94
3547403;Santa Rita d'Oeste;2.695;2.543;2.733;-0,58;0,60
3547502;Santa Rita do Passa Quatro;26.138;26.478;24.833;0,13;-0,53
3547601;Santa Rosa de Viterbo;21.435;23.862;23.411;1,08;-0,16
3547650;Santa Salete;1.379;1.447;1.645;0,48;1,07
3547700;Santo Anastácio;20.749;20.475;17.963;-0,13;-1,08
3547809;Santo André;649.331;676.407;748.919;0,41;0,85
3547908;Santo Antônio da Alegria;5.764;6.304;6.775;0,90;0,60
3548005;Santo Antônio de Posse;18.124;20.650;23.244;1,31;0,99
3548054;Santo Antônio do Aracanguá;6.929;7.626;8.379;0,96;0,79
3548104;Santo Antônio do Jardim;6.154;5.943;6.126;-0,35;0,25
3548203;Santo Antônio do Pinhal;6.328;6.486;7.133;0,25;0,80
3548302;Santo Expedito;2.526;2.803;3.000;1,05;0,57
3548401;Santópolis do Aguapeí;3.816;4.277;3.899;1,15;-0,77
3548500;Santos;417.983;419.400;418.608;0,03;-0,02
3548609;São Bento do Sapucaí;10.355;10.468;11.674;0,11;0,91
3548708;São Bernardo do Campo;703.177;765.463;810.729;0,85;0,48
3548807;São Caetano do Sul;140.159;149.263;165.655;0,63;0,87
3548906;São Carlos;192.998;221.950;254.857;1,41;1,16
3549003;São Francisco;2.863;2.793;2.602;-0,25;-0,59
3549102;São João da Boa Vista;77.387;83.639;92.547;0,78;0,85
3549201;São João das Duas Pontes;2.660;2.566;2.580;-0,36;0,05
3549250;São João de Iracema;1.671;1.780;1.846;0,63;0,30
3549300;São João do Pau d'Alho;2.180;2.103;2.242;-0,36;0,53
3549409;São Joaquim da Barra;41.587;46.512;48.558;1,13;0,36
3549508;São José da Bela Vista;8.075;8.406;7.626;0,40;-0,81
3549607;São José do Barreiro;4.143;4.077;3.853;-0,16;-0,47
3549706;São José do Rio Pardo;50.077;51.900;52.205;0,36;0,05
3549805;São José do Rio Preto;358.523;408.258;480.393;1,31;1,37
3549904;São José dos Campos;539.313;629.921;697.054;1,57;0,85
3549953;São Lourenço da Serra;12.199;13.973;16.067;1,37;1,17
3550001;São Luiz do Paraitinga;10.429;10.397;10.337;-0,03;-0,05
3550100;São Manuel;36.545;38.342;37.289;0,48;-0,23
3550209;São Miguel Arcanjo;30.798;31.450;32.039;0,21;0,15
3550308;São Paulo;10.434.252;11.253.503;11.451.999;0,76;0,15
3550407;São Pedro;27.897;31.662;38.256;1,27;1,59
3550506;São Pedro do Turvo;6.888;7.198;7.217;0,44;0,02
3550605;São Roque;66.637;78.821;79.484;1,69;0,07
3550704;São Sebastião;58.038;73.942;81.595;2,45;0,82
3550803;São Sebastião da Grama;12.454;12.099;10.441;-0,29;-1,22
3550902;São Simão;13.675;14.346;13.442;0,48;-0,54
3551009;São Vicente;303.551;332.445;329.911;0,91;-0,06
3551108;Sarapuí;7.805;9.027;10.369;1,47;1,16
3551207;Sarutaiá;3.739;3.622;3.704;-0,32;0,19
3551306;Sebastianópolis do Sul;2.546;3.031;3.130;1,76;0,27
3551405;Serra Azul;7.446;11.256;12.746;4,22;1,04
3551504;Serrana;32.603;38.878;43.909;1,78;1,02
3551603;Serra Negra;23.851;26.387;29.894;1,02;1,05
3551702;Sertãozinho;94.664;110.074;126.887;1,52;1,19
3551801;Sete Barras;13.714;13.005;12.730;-0,53;-0,18
3551900;Severínia;13.605;15.501;14.576;1,31;-0,51
3552007;Silveiras;5.378;5.792;6.186;0,74;0,55
3552106;Socorro;32.704;36.686;40.122;1,16;0,75
3552205;Sorocaba;493.468;586.625;723.682;1,74;1,77
3552304;Sud Mennucci;7.365;7.435;7.355;0,09;-0,09
3552403;Sumaré;196.723;241.311;279.545;2,06;1,23
3552502;Suzano;228.690;262.480;307.429;1,39;1,33
3552551;Suzanápolis;2.790;3.383;3.408;1,95;0,06
3552601;Tabapuã;10.493;11.363;11.323;0,80;-0,03
3552700;Tabatinga;12.990;14.686;14.769;1,23;0,05
3552809;Taboão da Serra;197.644;244.528;273.542;2,15;0,94
3552908;Taciba;5.221;5.714;6.260;0,91;0,76
3553005;Taguaí;7.468;10.828;12.669;3,78;1,32
3553104;Taiaçu;5.619;5.894;5.677;0,48;-0,31
3553203;Taiúva;5.506;5.447;6.548;-0,11;1,55
3553302;Tambaú;22.258;22.406;21.435;0,07;-0,37
3553401;Tanabi;22.587;24.055;25.265;0,63;0,41
3553500;Tapiraí;8.570;8.012;7.996;-0,67;-0,02
3553609;Tapiratiba;12.942;12.737;11.816;-0,16;-0,62
3553658;Taquaral;2.722;2.726;2.619;0,01;-0,33
3553708;Taquaritinga;52.065;53.988;52.260;0,36;-0,27
3553807;Taquarituba;21.982;22.291;24.350;0,14;0,74
3553856;Taquarivaí;4.473;5.151;6.876;1,42;2,44
3553906;Tarabai;5.786;6.607;6.536;1,34;-0,09
3553955;Tarumã;10.743;12.885;14.882;1,83;1,21
3554003;Tatuí;93.430;107.326;123.942;1,40;1,21
3554102;Taubaté;244.165;278.686;310.739;1,33;0,91
3554201;Tejupá;5.336;4.809;4.127;-1,03;-1,27
3554300;Teodoro Sampaio;20.003;21.386;22.173;0,67;0,30
3554409;Terra Roxa;7.752;8.505;7.904;0,93;-0,61
3554508;Tietê;31.710;36.835;37.663;1,51;0,19
3554607;Timburi;2.731;2.646;2.464;-0,32;-0,59
3554656;Torre de Pedra;2.144;2.254;2.046;0,50;-0,80
3554706;Torrinha;8.837;9.330;9.335;0,54;0,00
3554755;Trabiju;1.380;1.544;1.682;1,13;0,72
3554805;Tremembé;34.823;40.984;51.173;1,64;1,87
3554904;Três Fronteiras;5.159;5.427;6.804;0,51;1,90
3554953;Tuiuti;4.956;5.930;6.778;1,81;1,12
3555000;Tupã;63.333;63.476;63.928;0,02;0,06
3555109;Tupi Paulista;13.286;14.269;15.854;0,72;0,88
3555208;Turiúba;1.895;1.930;1.818;0,18;-0,50
3555307;Turmalina;2.366;1.978;1.669;-1,78;-1,41
3555356;Ubarana;4.220;5.289;5.365;2,28;0,12
3555406;Ubatuba;66.861;78.801;92.981;1,66;1,39
3555505;Ubirajara;4.156;4.427;5.132;0,63;1,24
3555604;Uchoa;9.035;9.471;10.394;0,47;0,78
3555703;União Paulista;1.354;1.599;1.603;1,68;0,02
3555802;Urânia;8.825;8.836;8.833;0,01;0,00
3555901;Uru;1.404;1.251;1.387;-1,15;0,86
3556008;Urupês;11.833;12.714;13.744;0,72;0,65
3556107;Valentim Gentil;8.605;11.036;14.098;2,52;2,06
3556206;Valinhos;82.973;106.793;126.373;2,56;1,41
3556305;Valparaíso;18.574;22.576;24.241;1,97;0,59
3556354;Vargem;6.975;8.801;10.512;2,35;1,49
3556404;Vargem Grande do Sul;36.302;39.266;40.133;0,79;0,18
3556453;Vargem Grande Paulista;32.683;42.997;50.415;2,78;1,34
3556503;Várzea Paulista;92.800;107.089;115.771;1,44;0,65
3556602;Vera Cruz;11.085;10.769;10.176;-0,29;-0,47
3556701;Vinhedo;47.215;63.611;76.540;3,03;1,55
3556800;Viradouro;15.962;17.297;17.414;0,81;0,06
3556909;Vista Alegre do Alto;4.754;6.886;8.109;3,77;1,37
3556958;Vitória Brasil;1.675;1.737;1.794;0,36;0,27
3557006;Votorantim;95.925;108.809;127.923;1,27;1,36
3557105;Votuporanga;75.641;84.692;96.634;1,14;1,11
3557154;Zacarias;1.947;2.335;2.692;1,83;1,19
3557204;Chavantes;12.194;12.114;12.211;-0,07;0,07
3557303;Estiva Gerbi;8.856;10.044;11.295;1,27;0,98
;;;;;;
;;;;;;
